-- MySQL dump 10.13  Distrib 5.6.41, for Linux (x86_64)
--
-- Host: localhost    Database: knowledge
-- ------------------------------------------------------
-- Server version	5.6.41

/*!40101 SET @OLD_CHARACTER_SET_CLIENT=@@CHARACTER_SET_CLIENT */;
/*!40101 SET @OLD_CHARACTER_SET_RESULTS=@@CHARACTER_SET_RESULTS */;
/*!40101 SET @OLD_COLLATION_CONNECTION=@@COLLATION_CONNECTION */;
/*!40101 SET NAMES utf8 */;
/*!40103 SET @OLD_TIME_ZONE=@@TIME_ZONE */;
/*!40103 SET TIME_ZONE='+00:00' */;
/*!40014 SET @OLD_UNIQUE_CHECKS=@@UNIQUE_CHECKS, UNIQUE_CHECKS=0 */;
/*!40014 SET @OLD_FOREIGN_KEY_CHECKS=@@FOREIGN_KEY_CHECKS, FOREIGN_KEY_CHECKS=0 */;
/*!40101 SET @OLD_SQL_MODE=@@SQL_MODE, SQL_MODE='NO_AUTO_VALUE_ON_ZERO' */;
/*!40111 SET @OLD_SQL_NOTES=@@SQL_NOTES, SQL_NOTES=0 */;

--
-- Table structure for table `Action`
--

DROP TABLE IF EXISTS `Action`;
/*!40101 SET @saved_cs_client     = @@character_set_client */;
/*!40101 SET character_set_client = utf8 */;
CREATE TABLE `Action` (
  `actionId` int(11) NOT NULL AUTO_INCREMENT,
  `actuatorId` int(11) NOT NULL,
  `resourceId` int(11) NOT NULL,
  `actionName` varchar(128) DEFAULT NULL,
  PRIMARY KEY (`actionId`),
  KEY `FK_Action_0` (`actuatorId`),
  KEY `FK_Action_1` (`resourceId`),
  CONSTRAINT `FK_Action_0` FOREIGN KEY (`actuatorId`) REFERENCES `Actuator` (`actuatorId`),
  CONSTRAINT `FK_Action_1` FOREIGN KEY (`resourceId`) REFERENCES `Resource` (`resourceId`)
) ENGINE=InnoDB DEFAULT CHARSET=latin1;
/*!40101 SET character_set_client = @saved_cs_client */;

--
-- Dumping data for table `Action`
--

LOCK TABLES `Action` WRITE;
/*!40000 ALTER TABLE `Action` DISABLE KEYS */;
/*!40000 ALTER TABLE `Action` ENABLE KEYS */;
UNLOCK TABLES;

--
-- Table structure for table `Actuator`
--

DROP TABLE IF EXISTS `Actuator`;
/*!40101 SET @saved_cs_client     = @@character_set_client */;
/*!40101 SET character_set_client = utf8 */;
CREATE TABLE `Actuator` (
  `actuatorId` int(11) NOT NULL AUTO_INCREMENT,
  `address` varchar(1024) DEFAULT NULL,
  `pubKey` varchar(1024) DEFAULT NULL,
  PRIMARY KEY (`actuatorId`)
) ENGINE=InnoDB DEFAULT CHARSET=latin1;
/*!40101 SET character_set_client = @saved_cs_client */;

--
-- Dumping data for table `Actuator`
--

LOCK TABLES `Actuator` WRITE;
/*!40000 ALTER TABLE `Actuator` DISABLE KEYS */;
/*!40000 ALTER TABLE `Actuator` ENABLE KEYS */;
UNLOCK TABLES;

--
-- Table structure for table `Configuration`
--

DROP TABLE IF EXISTS `Configuration`;
/*!40101 SET @saved_cs_client     = @@character_set_client */;
/*!40101 SET character_set_client = utf8 */;
CREATE TABLE `Configuration` (
  `configurationId` int(11) NOT NULL AUTO_INCREMENT,
  `actionId` int(11) NOT NULL,
  `keyName` varchar(128) DEFAULT NULL,
  `domain` varchar(1024) DEFAULT NULL,
  PRIMARY KEY (`configurationId`),
  KEY `FK_Configuration_0` (`actionId`),
  CONSTRAINT `FK_Configuration_0` FOREIGN KEY (`actionId`) REFERENCES `Action` (`actionId`)
) ENGINE=InnoDB DEFAULT CHARSET=latin1;
/*!40101 SET character_set_client = @saved_cs_client */;

--
-- Dumping data for table `Configuration`
--

LOCK TABLES `Configuration` WRITE;
/*!40000 ALTER TABLE `Configuration` DISABLE KEYS */;
/*!40000 ALTER TABLE `Configuration` ENABLE KEYS */;
UNLOCK TABLES;

--
-- Table structure for table `Data`
--

DROP TABLE IF EXISTS `Data`;
/*!40101 SET @saved_cs_client     = @@character_set_client */;
/*!40101 SET character_set_client = utf8 */;
CREATE TABLE `Data` (
  `probeId` int(11) NOT NULL,
  `descriptionId` int(11) NOT NULL,
  `resourceId` int(11) NOT NULL,
  `valueTime` timestamp(6) NOT NULL DEFAULT CURRENT_TIMESTAMP(6) ON UPDATE CURRENT_TIMESTAMP(6),
  `value` double DEFAULT NULL,
  PRIMARY KEY (`probeId`,`descriptionId`,`resourceId`,`valueTime`),
  KEY `FK_Data_1` (`descriptionId`),
  KEY `FK_Data_2` (`resourceId`),
  CONSTRAINT `FK_Data_0` FOREIGN KEY (`probeId`) REFERENCES `Probe` (`probeId`),
  CONSTRAINT `FK_Data_1` FOREIGN KEY (`descriptionId`) REFERENCES `Description` (`descriptionId`),
  CONSTRAINT `FK_Data_2` FOREIGN KEY (`resourceId`) REFERENCES `Resource` (`resourceId`)
) ENGINE=InnoDB DEFAULT CHARSET=latin1;
/*!40101 SET character_set_client = @saved_cs_client */;

--
-- Dumping data for table `Data`
--

LOCK TABLES `Data` WRITE;
/*!40000 ALTER TABLE `Data` DISABLE KEYS */;
INSERT INTO `Data` VALUES (7,27,8,'2018-09-19 16:19:30.716475',155),(7,27,8,'2018-09-20 10:07:19.060144',139),(7,27,8,'2018-09-20 10:07:19.099916',178),(7,27,8,'2018-09-20 10:07:19.152731',156),(7,27,8,'2018-09-20 10:07:19.176712',150),(7,27,8,'2018-09-20 10:07:19.220645',151),(7,27,8,'2018-09-20 10:07:19.249192',151),(7,27,8,'2018-09-20 10:07:19.252879',151),(7,27,8,'2018-09-20 10:07:19.284987',144),(7,27,8,'2018-09-20 10:07:19.287654',135),(7,27,8,'2018-09-20 10:07:19.309995',160),(7,27,8,'2018-09-20 10:07:19.337135',138),(7,27,8,'2018-09-20 10:07:19.342630',145),(7,27,8,'2018-09-20 10:07:19.372001',125),(7,27,8,'2018-09-20 10:07:19.383147',157),(7,27,8,'2018-09-20 10:07:55.430524',126),(7,27,8,'2018-09-20 10:08:51.565900',149),(7,27,8,'2018-09-20 10:09:52.825615',151),(7,27,8,'2018-09-20 10:10:54.063565',151),(7,27,8,'2018-09-20 10:11:55.299049',137),(7,27,8,'2018-09-20 10:12:51.447709',144),(7,27,8,'2018-09-20 10:13:52.675206',149),(7,27,8,'2018-09-20 10:14:53.926253',142),(7,27,8,'2018-09-20 10:21:11.402364',150),(7,27,8,'2018-09-20 10:22:12.631081',147),(7,27,8,'2018-09-20 10:23:13.883151',149),(7,27,8,'2018-09-20 10:24:10.017176',137),(7,27,8,'2018-09-20 10:25:11.253556',157),(7,27,8,'2018-09-20 10:26:12.480308',151),(7,27,8,'2018-09-20 10:27:13.730228',135),(7,27,8,'2018-09-20 10:28:14.962048',156),(7,27,8,'2018-09-20 10:29:11.093879',148),(7,27,8,'2018-09-20 10:30:12.318377',153),(7,27,8,'2018-09-20 10:31:13.551245',138),(7,27,8,'2018-09-20 10:32:14.792162',143),(7,27,8,'2018-09-20 10:33:10.920834',162),(7,27,8,'2018-09-20 10:34:12.147507',135),(7,27,8,'2018-09-20 10:35:13.373126',173),(7,27,8,'2018-09-20 10:36:14.606960',130),(7,27,8,'2018-09-20 10:37:10.776379',158),(7,27,8,'2018-09-20 10:38:12.001267',141),(7,27,8,'2018-09-20 10:39:13.226856',143),(7,27,8,'2018-09-20 10:40:14.454620',139),(7,27,8,'2018-09-20 12:04:29.056119',151),(7,27,8,'2018-09-20 12:05:30.296081',155),(7,27,8,'2018-09-20 12:06:26.463764',157),(7,27,8,'2018-09-20 12:07:27.686882',143),(7,27,8,'2018-09-20 12:08:28.912896',128),(7,27,8,'2018-09-20 12:09:30.139485',155),(7,27,8,'2018-09-20 12:10:26.271462',138),(7,27,8,'2018-09-20 12:11:27.496031',155),(7,27,8,'2018-09-20 12:12:28.745390',137),(7,27,8,'2018-09-20 12:13:29.975434',142),(7,27,8,'2018-09-20 12:14:26.106206',148),(7,27,8,'2018-09-20 12:15:27.333814',153),(7,27,8,'2018-09-20 12:16:28.557755',149),(7,27,8,'2018-09-20 12:17:29.782068',147),(7,27,8,'2018-09-20 12:18:25.995169',139),(7,27,8,'2018-09-20 12:19:27.230116',152),(7,27,8,'2018-09-20 12:20:28.460329',153),(7,27,8,'2018-09-20 12:21:29.681355',141),(7,27,8,'2018-09-20 12:22:30.907825',153),(7,27,8,'2018-09-20 12:23:27.030777',154),(7,27,11,'2018-09-20 10:07:19.096721',263),(7,27,11,'2018-09-20 10:07:19.148401',758),(7,27,11,'2018-09-20 10:07:19.168725',269),(7,27,11,'2018-09-20 10:07:19.218094',276),(7,27,11,'2018-09-20 10:07:19.222417',544),(7,27,11,'2018-09-20 10:07:19.252128',544),(7,27,11,'2018-09-20 10:07:19.282342',544),(7,27,11,'2018-09-20 10:07:19.287126',317),(7,27,11,'2018-09-20 10:07:19.307841',529),(7,27,11,'2018-09-20 10:07:19.311347',522),(7,27,11,'2018-09-20 10:07:19.341896',265),(7,27,11,'2018-09-20 10:07:19.368732',287),(7,27,11,'2018-09-20 10:07:19.378009',535),(7,27,11,'2018-09-20 10:07:19.505328',590),(7,27,11,'2018-09-20 10:07:55.432902',253),(7,27,11,'2018-09-20 10:08:51.569014',585),(7,27,11,'2018-09-20 10:09:52.826892',274),(7,27,11,'2018-09-20 10:10:54.065376',273),(7,27,11,'2018-09-20 10:11:55.301560',292),(7,27,11,'2018-09-20 10:12:51.449829',259),(7,27,11,'2018-09-20 10:13:52.699209',274),(7,27,11,'2018-09-20 10:14:53.929362',255),(7,27,11,'2018-09-20 10:21:11.405094',659),(7,27,11,'2018-09-20 10:22:12.655183',322),(7,27,11,'2018-09-20 10:23:13.884393',258),(7,27,11,'2018-09-20 10:24:10.019206',255),(7,27,11,'2018-09-20 10:25:11.254602',266),(7,27,11,'2018-09-20 10:26:12.482107',270),(7,27,11,'2018-09-20 10:27:13.731377',255),(7,27,11,'2018-09-20 10:28:14.963480',257),(7,27,11,'2018-09-20 10:29:11.094792',263),(7,27,11,'2018-09-20 10:30:12.321514',263),(7,27,11,'2018-09-20 10:31:13.572448',253),(7,27,11,'2018-09-20 10:32:14.793222',265),(7,27,11,'2018-09-20 10:33:10.922031',263),(7,27,11,'2018-09-20 10:34:12.148620',274),(7,27,11,'2018-09-20 10:35:13.374192',272),(7,27,11,'2018-09-20 10:36:14.608905',264),(7,27,11,'2018-09-20 10:37:10.777166',257),(7,27,11,'2018-09-20 10:38:12.003139',253),(7,27,11,'2018-09-20 10:39:13.230390',260),(7,27,11,'2018-09-20 10:40:14.455693',263),(7,27,11,'2018-09-20 12:04:29.059092',322),(7,27,11,'2018-09-20 12:05:30.327412',696),(7,27,11,'2018-09-20 12:06:26.464797',257),(7,27,11,'2018-09-20 12:07:27.688436',256),(7,27,11,'2018-09-20 12:08:28.913978',259),(7,27,11,'2018-09-20 12:09:30.141209',259),(7,27,11,'2018-09-20 12:10:26.272633',256),(7,27,11,'2018-09-20 12:11:27.498435',255),(7,27,11,'2018-09-20 12:12:28.746572',256),(7,27,11,'2018-09-20 12:13:29.976137',264),(7,27,11,'2018-09-20 12:14:26.107325',258),(7,27,11,'2018-09-20 12:15:27.334796',263),(7,27,11,'2018-09-20 12:16:28.558744',278),(7,27,11,'2018-09-20 12:17:29.782974',263),(7,27,11,'2018-09-20 12:18:25.996085',267),(7,27,11,'2018-09-20 12:19:27.231067',263),(7,27,11,'2018-09-20 12:20:28.461075',261),(7,27,11,'2018-09-20 12:21:29.682378',260),(7,27,11,'2018-09-20 12:22:30.908880',262),(7,27,11,'2018-09-20 12:23:27.031466',259),(7,27,12,'2018-09-20 10:07:19.068743',164),(7,27,12,'2018-09-20 10:07:19.101525',166),(7,27,12,'2018-09-20 10:07:19.164720',167),(7,27,12,'2018-09-20 10:07:19.215074',213),(7,27,12,'2018-09-20 10:07:19.221553',170),(7,27,12,'2018-09-20 10:07:19.251352',170),(7,27,12,'2018-09-20 10:07:19.253646',170),(7,27,12,'2018-09-20 10:07:19.286591',172),(7,27,12,'2018-09-20 10:07:19.306617',167),(7,27,12,'2018-09-20 10:07:19.310837',172),(7,27,12,'2018-09-20 10:07:19.341060',216),(7,27,12,'2018-09-20 10:07:19.343372',169),(7,27,12,'2018-09-20 10:07:19.382051',168),(7,27,12,'2018-09-20 10:07:19.503503',167),(7,27,12,'2018-09-20 10:07:55.431837',192),(7,27,12,'2018-09-20 10:08:51.567499',213),(7,27,12,'2018-09-20 10:09:52.826332',162),(7,27,12,'2018-09-20 10:10:54.064790',176),(7,27,12,'2018-09-20 10:11:55.300536',160),(7,27,12,'2018-09-20 10:12:51.448942',160),(7,27,12,'2018-09-20 10:13:52.676023',199),(7,27,12,'2018-09-20 10:14:53.927823',159),(7,28,8,'2018-09-19 16:19:30.717632',379704),(7,28,8,'2018-09-20 10:07:19.062800',580796),(7,28,8,'2018-09-20 10:07:19.100724',587052),(7,28,8,'2018-09-20 10:07:19.158109',581976),(7,28,8,'2018-09-20 10:07:19.180718',581832),(7,28,8,'2018-09-20 10:07:19.221120',582132),(7,28,8,'2018-09-20 10:07:19.250943',582132),(7,28,8,'2018-09-20 10:07:19.253275',582132),(7,28,8,'2018-09-20 10:07:19.285325',581912),(7,28,8,'2018-09-20 10:07:19.287890',581880),(7,28,8,'2018-09-20 10:07:19.310518',583016),(7,28,8,'2018-09-20 10:07:19.338279',583088),(7,28,8,'2018-09-20 10:07:19.343003',583228),(7,28,8,'2018-09-20 10:07:19.376705',583136),(7,28,8,'2018-09-20 10:07:19.383426',583288),(7,28,8,'2018-09-20 10:07:55.431331',582908),(7,28,8,'2018-09-20 10:08:51.566803',598820),(7,28,8,'2018-09-20 10:09:52.826048',584976),(7,28,8,'2018-09-20 10:10:54.064300',652456),(7,28,8,'2018-09-20 10:11:55.299910',585152),(7,28,8,'2018-09-20 10:12:51.448452',585096),(7,28,8,'2018-09-20 10:13:52.675673',585144),(7,28,8,'2018-09-20 10:14:53.927098',584920),(7,28,8,'2018-09-20 10:21:11.403115',585156),(7,28,8,'2018-09-20 10:22:12.632198',585144),(7,28,8,'2018-09-20 10:23:13.883903',585436),(7,28,8,'2018-09-20 10:24:10.018507',585052),(7,28,8,'2018-09-20 10:25:11.254189',585136),(7,28,8,'2018-09-20 10:26:12.481095',619124),(7,28,8,'2018-09-20 10:27:13.730900',585232),(7,28,8,'2018-09-20 10:28:14.962824',585284),(7,28,8,'2018-09-20 10:29:11.094444',585376),(7,28,8,'2018-09-20 10:30:12.319455',585476),(7,28,8,'2018-09-20 10:31:13.552619',585332),(7,28,8,'2018-09-20 10:32:14.792814',585272),(7,28,8,'2018-09-20 10:33:10.921555',585196),(7,28,8,'2018-09-20 10:34:12.148195',586784),(7,28,8,'2018-09-20 10:35:13.373736',654676),(7,28,8,'2018-09-20 10:36:14.607622',585328),(7,28,8,'2018-09-20 10:37:10.776937',585272),(7,28,8,'2018-09-20 10:38:12.001905',585368),(7,28,8,'2018-09-20 10:39:13.229978',585512),(7,28,8,'2018-09-20 10:40:14.455272',585292),(7,28,8,'2018-09-20 12:04:29.056791',586088),(7,28,8,'2018-09-20 12:05:30.297004',586172),(7,28,8,'2018-09-20 12:06:26.464386',655168),(7,28,8,'2018-09-20 12:07:27.687764',586004),(7,28,8,'2018-09-20 12:08:28.913565',587400),(7,28,8,'2018-09-20 12:09:30.140428',586024),(7,28,8,'2018-09-20 12:10:26.272152',586180),(7,28,8,'2018-09-20 12:11:27.497628',586140),(7,28,8,'2018-09-20 12:12:28.746156',586064),(7,28,8,'2018-09-20 12:13:29.975853',586160),(7,28,8,'2018-09-20 12:14:26.106886',601028),(7,28,8,'2018-09-20 12:15:27.334447',586192),(7,28,8,'2018-09-20 12:16:28.558362',586092),(7,28,8,'2018-09-20 12:17:29.782629',586108),(7,28,8,'2018-09-20 12:18:25.995722',587156),(7,28,8,'2018-09-20 12:19:27.230685',586224),(7,28,8,'2018-09-20 12:20:28.460808',586224),(7,28,8,'2018-09-20 12:21:29.681916',609156),(7,28,8,'2018-09-20 12:22:30.908463',586220),(7,28,8,'2018-09-20 12:23:27.031247',586488),(7,28,11,'2018-09-20 10:07:19.098958',2840784),(7,28,11,'2018-09-20 10:07:19.149206',2966468),(7,28,11,'2018-09-20 10:07:19.172716',2972536),(7,28,11,'2018-09-20 10:07:19.220021',2976724),(7,28,11,'2018-09-20 10:07:19.222820',3091108),(7,28,11,'2018-09-20 10:07:19.252487',3091108),(7,28,11,'2018-09-20 10:07:19.283608',3091108),(7,28,11,'2018-09-20 10:07:19.287379',3059548),(7,28,11,'2018-09-20 10:07:19.308432',3104692),(7,28,11,'2018-09-20 10:07:19.311837',3097552),(7,28,11,'2018-09-20 10:07:19.342268',3111764),(7,28,11,'2018-09-20 10:07:19.371517',3170968),(7,28,11,'2018-09-20 10:07:19.380730',3119452),(7,28,11,'2018-09-20 10:07:19.505696',3177588),(7,28,11,'2018-09-20 10:07:55.433398',2894772),(7,28,11,'2018-09-20 10:08:51.569812',3020432),(7,28,11,'2018-09-20 10:09:52.827171',3021504),(7,28,11,'2018-09-20 10:10:54.065622',3022636),(7,28,11,'2018-09-20 10:11:55.301858',3026352),(7,28,11,'2018-09-20 10:12:51.450664',3026220),(7,28,11,'2018-09-20 10:13:52.699764',3030364),(7,28,11,'2018-09-20 10:14:53.929983',3036100),(7,28,11,'2018-09-20 10:21:11.405444',2885000),(7,28,11,'2018-09-20 10:22:12.655706',3003968),(7,28,11,'2018-09-20 10:23:13.884892',3005596),(7,28,11,'2018-09-20 10:24:10.020136',3005564),(7,28,11,'2018-09-20 10:25:11.255050',3009420),(7,28,11,'2018-09-20 10:26:12.507665',3008788),(7,28,11,'2018-09-20 10:27:13.731848',3021752),(7,28,11,'2018-09-20 10:28:14.963977',3025752),(7,28,11,'2018-09-20 10:29:11.095055',3030332),(7,28,11,'2018-09-20 10:30:12.321950',3042424),(7,28,11,'2018-09-20 10:31:13.572845',3041728),(7,28,11,'2018-09-20 10:32:14.793700',3042008),(7,28,11,'2018-09-20 10:33:10.922495',3042584),(7,28,11,'2018-09-20 10:34:12.149087',3079600),(7,28,11,'2018-09-20 10:35:13.374677',3043556),(7,28,11,'2018-09-20 10:36:14.635875',3048096),(7,28,11,'2018-09-20 10:37:10.777400',3043784),(7,28,11,'2018-09-20 10:38:12.003711',3045280),(7,28,11,'2018-09-20 10:39:13.230774',3043092),(7,28,11,'2018-09-20 10:40:14.456129',3045396),(7,28,11,'2018-09-20 12:04:29.059665',2994688),(7,28,11,'2018-09-20 12:05:30.328138',3028208),(7,28,11,'2018-09-20 12:06:26.465100',3029320),(7,28,11,'2018-09-20 12:07:27.689200',3031984),(7,28,11,'2018-09-20 12:08:28.914388',3032168),(7,28,11,'2018-09-20 12:09:30.141821',3036388),(7,28,11,'2018-09-20 12:10:26.273140',3040288),(7,28,11,'2018-09-20 12:11:27.500352',3041164),(7,28,11,'2018-09-20 12:12:28.746852',3045752),(7,28,11,'2018-09-20 12:13:29.976399',3058140),(7,28,11,'2018-09-20 12:14:26.107805',3057592),(7,28,11,'2018-09-20 12:15:27.335126',3057540),(7,28,11,'2018-09-20 12:16:28.559128',3108396),(7,28,11,'2018-09-20 12:17:29.783300',3058424),(7,28,11,'2018-09-20 12:18:25.996410',3058752),(7,28,11,'2018-09-20 12:19:27.231438',3057672),(7,28,11,'2018-09-20 12:20:28.461298',3060548),(7,28,11,'2018-09-20 12:21:29.682757',3060788),(7,28,11,'2018-09-20 12:22:30.909251',3061516),(7,28,11,'2018-09-20 12:23:27.031678',3062272),(7,28,12,'2018-09-20 10:07:19.092730',1982968),(7,28,12,'2018-09-20 10:07:19.104726',1982936),(7,28,12,'2018-09-20 10:07:19.165471',1983708),(7,28,12,'2018-09-20 10:07:19.216674',1996388),(7,28,12,'2018-09-20 10:07:19.221999',2007112),(7,28,12,'2018-09-20 10:07:19.251728',2007112),(7,28,12,'2018-09-20 10:07:19.253985',2007112),(7,28,12,'2018-09-20 10:07:19.286890',2005296),(7,28,12,'2018-09-20 10:07:19.307309',2005416),(7,28,12,'2018-09-20 10:07:19.311088',2004772),(7,28,12,'2018-09-20 10:07:19.341495',2002536),(7,28,12,'2018-09-20 10:07:19.343807',1999460),(7,28,12,'2018-09-20 10:07:19.382686',1979268),(7,28,12,'2018-09-20 10:07:19.504577',1969040),(7,28,12,'2018-09-20 10:07:55.432351',1978096),(7,28,12,'2018-09-20 10:08:51.568234',1992648),(7,28,12,'2018-09-20 10:09:52.826614',1993360),(7,28,12,'2018-09-20 10:10:54.065087',1982356),(7,28,12,'2018-09-20 10:11:55.301190',1982656),(7,28,12,'2018-09-20 10:12:51.449389',1982888),(7,28,12,'2018-09-20 10:13:52.698572',1999748),(7,28,12,'2018-09-20 10:14:53.928480',1999864);
/*!40000 ALTER TABLE `Data` ENABLE KEYS */;
UNLOCK TABLES;

--
-- Table structure for table `Description`
--

DROP TABLE IF EXISTS `Description`;
/*!40101 SET @saved_cs_client     = @@character_set_client */;
/*!40101 SET character_set_client = utf8 */;
CREATE TABLE `Description` (
  `descriptionId` int(11) NOT NULL AUTO_INCREMENT,
  `dataType` char(16) DEFAULT NULL,
  `descriptionName` char(128) DEFAULT NULL,
  `unit` char(16) DEFAULT NULL,
  PRIMARY KEY (`descriptionId`)
) ENGINE=InnoDB AUTO_INCREMENT=29 DEFAULT CHARSET=latin1;
/*!40101 SET character_set_client = @saved_cs_client */;

--
-- Dumping data for table `Description`
--

LOCK TABLES `Description` WRITE;
/*!40000 ALTER TABLE `Description` DISABLE KEYS */;
INSERT INTO `Description` VALUES (1,'CPU_Usage','measurement','Mi'),(2,'Memory','measurement','Bytes'),(3,'Disk','event','n/a'),(4,'CPU_Usage','measurement','Mi'),(5,'Memory','measurement','Bytes'),(6,'Disk','event','n/a'),(7,'CPU_Usage','measurement','Mi'),(8,'Memory','measurement','Bytes'),(9,'Disk','event','n/a'),(10,'CPU_Usage','measurement','Mi'),(11,'Memory','measurement','Bytes'),(12,'Disk','event','n/a'),(13,'Memory','event','n/a'),(14,'CPU_Usage','measurement','Mi'),(15,'Memory','measurement','Bytes'),(16,'Disk','event','n/a'),(17,'CPU_Usage','measurement','Mi'),(18,'Memory','measurement','Bytes'),(19,'Disk','event','n/a'),(20,'CPU_Usage','measurement','Mi'),(21,'Memory','measurement','Bytes'),(22,'Disk','event','n/a'),(23,'CPU_Usage','measurement','Mi'),(24,'Memory','measurement','Bytes'),(25,'Disk','event','n/a'),(26,'Memory','event','n/a'),(27,'cpu','measurement','m'),(28,'memory','measurement','Ki');
/*!40000 ALTER TABLE `Description` ENABLE KEYS */;
UNLOCK TABLES;

--
-- Table structure for table `Probe`
--

DROP TABLE IF EXISTS `Probe`;
/*!40101 SET @saved_cs_client     = @@character_set_client */;
/*!40101 SET character_set_client = utf8 */;
CREATE TABLE `Probe` (
  `probeId` int(11) NOT NULL AUTO_INCREMENT,
  `probeName` varchar(128) DEFAULT NULL,
  `password` varchar(128) DEFAULT NULL,
  `salt` varchar(128) NOT NULL,
  `token` varchar(256) DEFAULT NULL,
  `tokenExpiration` timestamp(6) NOT NULL DEFAULT CURRENT_TIMESTAMP(6) ON UPDATE CURRENT_TIMESTAMP(6),
  PRIMARY KEY (`probeId`)
) ENGINE=InnoDB AUTO_INCREMENT=8 DEFAULT CHARSET=latin1;
/*!40101 SET character_set_client = @saved_cs_client */;

--
-- Dumping data for table `Probe`
--

LOCK TABLES `Probe` WRITE;
/*!40000 ALTER TABLE `Probe` DISABLE KEYS */;
INSERT INTO `Probe` VALUES (1,'probe Wildfly WSVD','n/a','n/a','n/a','2018-09-19 16:04:21.309548'),(2,'probe MySQL WSVD','n/a','n/a','n/a','2018-09-19 16:04:21.322072'),(3,'probe Demo Java','n/a','n/a','n/a','2018-09-19 16:04:21.331255'),(4,'probe Demo Python','n/a','n/a','n/a','2018-09-19 16:04:21.347412'),(5,'probe Docker','n/a','n/a','n/a','2018-09-19 16:04:21.368153'),(6,'probe Kubernetes','n/a','n/a','n/a','2018-09-19 16:04:21.386190'),(7,'probe-k8s-api','n/a','n/a','n/a','2018-09-19 16:04:46.289294');
/*!40000 ALTER TABLE `Probe` ENABLE KEYS */;
UNLOCK TABLES;

--
-- Table structure for table `Resource`
--

DROP TABLE IF EXISTS `Resource`;
/*!40101 SET @saved_cs_client     = @@character_set_client */;
/*!40101 SET character_set_client = utf8 */;
CREATE TABLE `Resource` (
  `resourceId` int(11) NOT NULL AUTO_INCREMENT,
  `resourceName` varchar(128) DEFAULT NULL,
  `resourceType` varchar(16) DEFAULT NULL,
  `resourceAddress` varchar(1024) DEFAULT NULL,
  PRIMARY KEY (`resourceId`)
) ENGINE=InnoDB AUTO_INCREMENT=13 DEFAULT CHARSET=latin1;
/*!40101 SET character_set_client = @saved_cs_client */;

--
-- Dumping data for table `Resource`
--

LOCK TABLES `Resource` WRITE;
/*!40000 ALTER TABLE `Resource` DISABLE KEYS */;
INSERT INTO `Resource` VALUES (1,'VM_VIRT_NODE','VM','n/a'),(2,'Pod Apache Flume','POD','n/a'),(3,'VM_VIRT_MASTER','VM','n/a'),(4,'Pod MySQL','POD','n/a'),(5,'Pod Apache Zookeeper','POD','n/a'),(6,'Pod Apache Kafka','POD','n/a'),(7,'Pod Monitor','POD','n/a'),(8,'kafka-0','POD','n/a'),(9,'wildfly-0','POD','n/a'),(10,'mysql-wsvd-0','POD','n/a'),(11,'virtmanagernode-standard-pc-i440fx-piix-1996','VM','192.168.122.113'),(12,'virtmanagermaster-standard-pc-i440fx-piix-1996','VM','192.168.122.34');
/*!40000 ALTER TABLE `Resource` ENABLE KEYS */;
UNLOCK TABLES;
/*!40103 SET TIME_ZONE=@OLD_TIME_ZONE */;

/*!40101 SET SQL_MODE=@OLD_SQL_MODE */;
/*!40014 SET FOREIGN_KEY_CHECKS=@OLD_FOREIGN_KEY_CHECKS */;
/*!40014 SET UNIQUE_CHECKS=@OLD_UNIQUE_CHECKS */;
/*!40101 SET CHARACTER_SET_CLIENT=@OLD_CHARACTER_SET_CLIENT */;
/*!40101 SET CHARACTER_SET_RESULTS=@OLD_CHARACTER_SET_RESULTS */;
/*!40101 SET COLLATION_CONNECTION=@OLD_COLLATION_CONNECTION */;
/*!40111 SET SQL_NOTES=@OLD_SQL_NOTES */;

-- Dump completed on 2018-09-20 12:29:23
